{"sane": true, "normalizes": true, "range": true, "log_prob": -826.8112282762304, "avg_log_prob": -1.6536224565524609, "perplexity": 5.225876090155804}